{"cameraMode":{"drawMode":0,"name":"Shaded","section":"Shading Mode"},"sceneLighting":false,"audioPlay":false,"sceneViewState":{"m_AlwaysRefresh":false,"showFog":true,"showSkybox":false,"showFlares":true,"showImageEffects":true,"showParticleSystems":true,"showVisualEffectGraphs":true,"m_FxEnabled":true},"in2DMode":false,"pivot":{"x":0.5898626446723938,"y":1.4812288284301758,"z":0.1040995717048645},"rotation":{"x":-0.15275463461875916,"y":0.7840481400489807,"z":-0.2119711935520172,"w":-0.5632568597793579},"size":0.046410322189331058,"orthographic":false}