{"cameraMode":{"drawMode":0,"name":"Shaded","section":"Shading Mode"},"sceneLighting":false,"audioPlay":false,"sceneViewState":{"m_AlwaysRefresh":false,"showFog":true,"showSkybox":false,"showFlares":true,"showImageEffects":true,"showParticleSystems":true,"showVisualEffectGraphs":true,"m_FxEnabled":true},"in2DMode":false,"pivot":{"x":0.31849274039268496,"y":-0.6347442269325256,"z":0.02729390189051628},"rotation":{"x":-0.20720252394676209,"y":0.3495083153247833,"z":-0.0795508623123169,"w":-0.9102799296379089},"size":1.543178677558899,"orthographic":false}