{"cameraMode":{"drawMode":0,"name":"Shaded","section":"Shading Mode"},"sceneLighting":true,"audioPlay":false,"sceneViewState":{"m_AlwaysRefresh":false,"showFog":true,"showSkybox":false,"showFlares":true,"showImageEffects":true,"showParticleSystems":true,"showVisualEffectGraphs":true,"m_FxEnabled":true},"in2DMode":false,"pivot":{"x":-2.4885382652282717,"y":3.5591793060302736,"z":7.021982669830322},"rotation":{"x":-0.20428936183452607,"y":-0.7444542646408081,"z":0.26277896761894228,"w":-0.5788437724113464},"size":1.8124456405639649,"orthographic":false}