{"cameraMode":{"drawMode":0,"name":"Shaded","section":"Shading Mode"},"sceneLighting":false,"audioPlay":false,"sceneViewState":{"m_AlwaysRefresh":false,"showFog":true,"showSkybox":false,"showFlares":true,"showImageEffects":true,"showParticleSystems":true,"showVisualEffectGraphs":true,"m_FxEnabled":true},"in2DMode":false,"pivot":{"x":-0.2013350874185562,"y":1.755852222442627,"z":0.2589312791824341},"rotation":{"x":-0.004809692967683077,"y":-0.9885673522949219,"z":0.14760015904903413,"w":-0.0329555906355381},"size":2.1119744777679445,"orthographic":true}