{"cameraMode":{"drawMode":0,"name":"Shaded","section":"Shading Mode"},"sceneLighting":false,"audioPlay":false,"sceneViewState":{"m_AlwaysRefresh":false,"showFog":true,"showSkybox":false,"showFlares":true,"showImageEffects":true,"showParticleSystems":true,"showVisualEffectGraphs":true,"m_FxEnabled":true},"in2DMode":false,"pivot":{"x":803.8053588867188,"y":536.2295532226563,"z":-403.109130859375},"rotation":{"x":0.00024320368538610637,"y":-0.9818035960197449,"z":0.0011838383506983519,"w":0.18996259570121766},"size":270.76434326171877,"orthographic":false}