{"cameraMode":{"drawMode":0,"name":"Shaded","section":"Shading Mode"},"sceneLighting":false,"audioPlay":false,"sceneViewState":{"m_AlwaysRefresh":false,"showFog":true,"showSkybox":false,"showFlares":true,"showImageEffects":true,"showParticleSystems":true,"showVisualEffectGraphs":true,"m_FxEnabled":true},"in2DMode":false,"pivot":{"x":-0.17159686982631684,"y":3.0069234371185304,"z":2.428248405456543},"rotation":{"x":0.0438946932554245,"y":0.9558162689208984,"z":-0.19598840177059174,"w":0.2148798257112503},"size":0.8665004968643189,"orthographic":false}