{"cameraMode":{"drawMode":0,"name":"Shaded","section":"Shading Mode"},"sceneLighting":false,"audioPlay":false,"sceneViewState":{"m_AlwaysRefresh":false,"showFog":true,"showSkybox":false,"showFlares":true,"showImageEffects":true,"showParticleSystems":true,"showVisualEffectGraphs":true,"m_FxEnabled":true},"in2DMode":false,"pivot":{"x":-1.9457156658172608,"y":2.78743577003479,"z":2.3547942638397219},"rotation":{"x":-0.055048853158950809,"y":-0.9423582553863525,"z":0.26661089062690737,"w":-0.19465956091880799},"size":0.6123724579811096,"orthographic":false}