{"cameraMode":{"drawMode":0,"name":"Shaded","section":"Shading Mode"},"sceneLighting":false,"audioPlay":false,"sceneViewState":{"m_AlwaysRefresh":false,"showFog":true,"showSkybox":false,"showFlares":true,"showImageEffects":true,"showParticleSystems":true,"showVisualEffectGraphs":true,"m_FxEnabled":true},"in2DMode":false,"pivot":{"x":-0.043600570410490039,"y":1.420397400856018,"z":-0.16704729199409486},"rotation":{"x":-0.014904355630278588,"y":0.9805483818054199,"z":-0.17932021617889405,"w":-0.080136239528656},"size":1.336890697479248,"orthographic":false}