{"cameraMode":{"drawMode":0,"name":"Shaded","section":"Shading Mode"},"sceneLighting":false,"audioPlay":false,"sceneViewState":{"m_AlwaysRefresh":false,"showFog":true,"showSkybox":false,"showFlares":true,"showImageEffects":true,"showParticleSystems":true,"showVisualEffectGraphs":true,"m_FxEnabled":true},"in2DMode":false,"pivot":{"x":-0.3937872350215912,"y":0.11972949653863907,"z":-1.1389222145080567},"rotation":{"x":-0.048529960215091708,"y":-0.8977840542793274,"z":0.10257165133953095,"w":-0.42575591802597048},"size":1.1404147148132325,"orthographic":true}