{"cameraMode":{"drawMode":0,"name":"Shaded","section":"Shading Mode"},"sceneLighting":true,"audioPlay":false,"sceneViewState":{"m_AlwaysRefresh":false,"showFog":true,"showSkybox":true,"showFlares":true,"showImageEffects":true,"showParticleSystems":true,"showVisualEffectGraphs":true,"m_FxEnabled":true},"in2DMode":false,"pivot":{"x":-33.417945861816409,"y":4.0325822830200199,"z":6.0428290367126469},"rotation":{"x":-0.1113007441163063,"y":0.5750986337661743,"z":-0.07884938269853592,"w":-0.8067849278450012},"size":11.040328025817871,"orthographic":false}