{"cameraMode":{"drawMode":0,"name":"Shaded","section":"Shading Mode"},"sceneLighting":true,"audioPlay":false,"sceneViewState":{"m_AlwaysRefresh":false,"showFog":true,"showSkybox":true,"showFlares":true,"showImageEffects":true,"showParticleSystems":true,"showVisualEffectGraphs":true,"m_FxEnabled":true},"in2DMode":false,"pivot":{"x":45.312416076660159,"y":-55.19936752319336,"z":126.22541809082031},"rotation":{"x":-0.19437719881534577,"y":-0.16830378770828248,"z":0.033880241215229037,"w":-0.9657993316650391},"size":83.41207885742188,"orthographic":false}