{"cameraMode":{"drawMode":0,"name":"Shaded","section":"Shading Mode"},"sceneLighting":true,"audioPlay":false,"sceneViewState":{"m_AlwaysRefresh":false,"showFog":true,"showSkybox":true,"showFlares":true,"showImageEffects":true,"showParticleSystems":true,"showVisualEffectGraphs":true,"m_FxEnabled":true},"in2DMode":false,"pivot":{"x":0.4799926280975342,"y":1.7584539651870728,"z":2.5035741329193117},"rotation":{"x":0.0069520603865385059,"y":0.9924992918968201,"z":-0.10041004419326782,"w":0.0710429772734642},"size":1.2247449159622193,"orthographic":false}