{"cameraMode":{"drawMode":0,"name":"Shaded","section":"Shading Mode"},"sceneLighting":true,"audioPlay":false,"sceneViewState":{"m_AlwaysRefresh":false,"showFog":true,"showSkybox":true,"showFlares":true,"showImageEffects":true,"showParticleSystems":true,"showVisualEffectGraphs":true,"m_FxEnabled":true},"in2DMode":false,"pivot":{"x":1288.0941162109375,"y":417.79608154296877,"z":11.68572998046875},"rotation":{"x":0.05036993324756622,"y":-0.012919563800096512,"z":-0.0006769651081413031,"w":-0.9987027049064636},"size":444.13323974609377,"orthographic":false}